ResponseId,ParticipantDefine,ChosenDefinition,GeneratedDefinition
EXP_1,"Sexism is discrimination based on gender, including stereotypes and prejudice. It can take many forms, from offensive language to sexual violence. ","Sexism refers to prejudice, discrimination, or stereotyping based on a person's sex or gender, typically with a bias against one gender over the other. It can manifest in various forms, including unequal treatment, unfair expectations, and harmful attitudes or beliefs about individuals based on their sex. Examples of everyday sexism in the workplace could include paying women less than men for the same job or assuming certain roles are only suitable for one gender. Online sexism could involve making derogatory comments based on gender or perpetuating harmful stereotypes in digital spaces. ","Sexism refers to prejudice, discrimination, or stereotyping based on a person's sex or gender, typically with a bias against one gender over the other. It can manifest in various forms, including unequal treatment, unfair expectations, and harmful attitudes or beliefs about individuals based on their sex. Examples of everyday sexism in the workplace could include paying women less than men for the same job or assuming certain roles are only suitable for one gender. Online sexism could involve making derogatory comments based on gender or perpetuating harmful stereotypes in digital spaces. If you have any more questions or need further clarification, feel free to ask!"
EXP_2,I would define sexism as a way to imply stereotypical or unrespectful opinion on gender. ,"Sexism is a form of prejudice, stereotyping, or discrimination based on gender, often targeting women. This bias reflects the belief in one gender's superiority, resulting in unfair treatment, negative stereotypes, and limited opportunities solely due to gender. For example, a common illustration of sexism is the gender pay gap, where women are paid less than men for the same work. Sexism can manifest in different forms like unequal treatment, unfair stereotypes, or restrictions on opportunities, impacting both individuals and society. If you require more examples or details for each form of sexism, feel free to ask! Sexism's effects can be harmful, leading to inequalities, perpetuating stereotypes, and limiting opportunities for individuals. It primarily affects women but can also impact men in different contexts. Resolving sexism involves efforts at individual, societal, and institutional levels through education, promoting gender equality, implementing fair policies, and challenging discriminatory practices. If you need further clarification or details on this topic, please let me know!","Sexism is a complex issue that involves prejudice, stereotypes, or discrimination against individuals based on their gender. This kind of bias often targets women and embodies the belief that one gender is superior to another. It can take the form of unfair treatment, harmful stereotypes, or limitations on opportunities solely because of a person's gender. Sexism is not limited to individual interactions but can also be ingrained in societal structures, leading to significant adverse effects on both individuals and society."
EXP_3,"Believing that one sex is superior to another. It includes different forms of harmful stereotyping including benevolent sexism, etc.","Sexism refers to discrimination, prejudice, or stereotyping based on a person's gender. It can manifest in various forms, such as treating individuals differently because of their gender, assuming certain characteristics or behaviors based on gender, or denying opportunities to someone because of their gender. Sexism can affect people of all genders, but it is often directed towards women and can have harmful effects on their lives and opportunities. There are different types of sexism, such as hostile sexism, benevolent sexism, and ambivalent sexism.","Sexism refers to discrimination, prejudice, or stereotyping based on a person's gender. It can manifest in various forms, such as treating individuals differently because of their gender, assuming certain characteristics or behaviors based on gender, or denying opportunities to someone because of their gender. Sexism can affect people of all genders, but it is often directed towards women and can have harmful effects on their lives and opportunities. There are different types of sexism, such as hostile sexism, benevolent sexism, and ambivalent sexism."
EXP_4,"A prescriptive set of behaviors or qualities, that women (and men) are supposed to exhibit to conform to traditional gender roles.  
","It's fascinating to see your expertise in discerning subtle linguistic cues to identify sexism in texts. The definition of sexism centers on discrimination, prejudice, stereotyping, and biased behaviors toward individuals based on gender, leading to unequal treatment and marginalization. Evaluating texts for sexism entails examining portrayals of gender superiority or inferiority, reinforcement of stereotypes, and gender-based limitations, which involves analyzing the text's structure, tone, and phrasing to ascertain if it perpetuates gender inequality. ","Sexism is a form of discrimination, prejudice, or stereotyping based on a person's gender. It involves attitudes, beliefs, and behaviors that differentiate, marginalize, or treat individuals differently based on their gender. Sexism can manifest in various ways, such as through language, actions, or systemic biases that perpetuate inequality between genders. When analyzing a text for sexism, it's important to assess if it portrays one gender as superior or inferior to the other, reinforces harmful stereotypes, or limits an individual's opportunities or worth based on their gender. This thorough evaluation considers the structure, tone, and phrasing of the text to determine if it perpetuates gender inequality. If you need further assistance or examples, feel free to ask."
EXP_5,Abusive language targeted to an individual or group because of their sex and/or gender.,"Sexism specifically refers to discrimination, prejudice, or stereotyping directed towards individuals or groups based on their gender, where gender is the underlying cause of the abusive behavior. Mentioning the gender of the target alone may not be sufficient for a sentence to be considered sexist. Your task is to help identify and address harmful and unfair attitudes and behaviors towards people because of their gender, while also recognizing that counter speech to challenge these harmful attitudes is permissible.","Certainly! Here's an updated prompt that includes the clarification about allowing counter speech:

""Given a piece of text, please analyze and identify any instances of sexism present. Sexism specifically refers to discrimination, prejudice, or stereotyping directed towards individuals or groups based on their gender, where gender is the underlying cause of the abusive behavior. Mentioning the gender of the target alone may not be sufficient for a sentence to be considered sexist. Your task is to help identify and address harmful and unfair attitudes and behaviors towards people because of their gender, while also recognizing that counter speech to challenge these harmful attitudes is permissible."""
EXP_6,"Statements or behaviours that reinforce the idea that men are given more power and status than women, that men and women are (or should be) distinguished on the basis of their social roles and characteristics; and relationships between men and women are defined by sexual reproduction and intimacy. Sexism can take the form of hostile and benevolent sexism.","Hostile sexism refers to overtly negative and hostile attitudes and behaviors towards women based on the belief that women are inferior to men. This can involve open discrimination, derogatory remarks, and devaluation of women. Benevolent sexism, on the other hand, involves attitudes and behaviors that may appear positive or chivalrous on the surface, but actually serve to reinforce traditional gender roles and keep women in subordinate positions. These attitudes often arise from the societal norms and expectations that distinguish men and women based on their perceived social roles and characteristics. Examples of benevolent sexism include patronizing behavior, protective gestures, or idealizing women as pure and delicate. To detect sexism in text, look for language or scenarios that suggest unequal treatment, devaluation, or reinforcement of traditional gender roles. Pay attention to how women are portrayed, whether they are being reduced to stereotypes, denied agency, or discriminated against. Both hostile and benevolent sexism can manifest in various ways in written content, so it's important to analyze the overall context and underlying messages being conveyed.","I'm glad you found the previous information helpful. I understand you would like a new definition that incorporates the idea that men and women are distinguished based on their social roles and characteristics. Here's an updated definition for you:

Hostile sexism refers to overtly negative and hostile attitudes and behaviors towards women based on the belief that women are inferior to men. This can involve open discrimination, derogatory remarks, and devaluation of women. Benevolent sexism, on the other hand, involves attitudes and behaviors that may appear positive or chivalrous on the surface, but actually serve to reinforce traditional gender roles and keep women in subordinate positions. These attitudes often arise from the societal norms and expectations that distinguish men and women based on their perceived social roles and characteristics. Examples of benevolent sexism include patronizing behavior, protective gestures, or idealizing women as pure and delicate. To detect sexism in text, look for language or scenarios that suggest unequal treatment, devaluation, or reinforcement of traditional gender roles. Pay attention to how women are portrayed, whether they are being reduced to stereotypes, denied agency, or discriminated against. Both hostile and benevolent sexism can manifest in various ways in written content, so it's important to analyze the overall context and underlying messages being conveyed. If you have any more questions or need further clarification, feel free to ask!"
EXP_7,,,
EXP_8,,,
EXP_9,"Sexism is linked to beliefs around the fundamental nature of women and men and the roles they should play in society. Sexist assumptions about women and men, which manifest themselves as gender stereotypes, can rank one gender as superior to another.","Sexism is a form of discrimination, prejudice, or stereotyping based on a person's sex or gender, typically towards women or girls. It involves treating people differently or unfairly because of their gender, and can be expressed in various forms, such as unequal treatment, stereotypes, or systemic sexism within societal structures.","Sexism is a form of discrimination, prejudice, or stereotyping based on a person's sex or gender, typically towards women or girls. It involves treating individuals differently or unfairly because of their gender, and can be expressed in various forms, such as unequal treatment, stereotypes, or systemic sexism within societal structures. Let me know if you need more information or have any other questions!"
EXP_10,"Broadly, sexism is prejudice or discrimination based on one's sex or gender - a form of oppression that results primarily in disadvantages for women and queer people.
A more technical definition of sexism is a system of norms, beliefs, and practices that normalise, perpetuate, and legitimise a binary, heteronormative, and/or deterministic framework of understanding sex and gender. Sexism can manifest in many different ways and it is deeply embedded in our institutions, practices, traditions, cultural norms and values. So detecting and understanding how sexism works necessarily involves studying how society is structured, organised, and governed.","Sexism is the manifestation of discriminatory, prejudiced, or stereotypical attitudes towards individuals based on their sex or gender. Understanding sexism includes recognizing and addressing the systemic, structural components deeply ingrained in societal norms, practices, and institutions that perpetuate unequal treatment and opportunities among genders. Understanding the power dynamics and societal frameworks that fuel gender inequality in diverse contexts is crucial for combating sexism effectively.
 ","Certainly! Here's a refined version of the comprehensive definition of sexism that you requested:

Sexism is the manifestation of discriminatory, prejudiced, or stereotypical attitudes towards individuals based on their sex or gender. This includes recognizing and addressing the systemic, structural components deeply ingrained in societal norms, practices, and institutions that perpetuate unequal treatment and opportunities among genders. Understanding the power dynamics and societal frameworks that fuel gender inequality in diverse contexts is crucial for combating sexism effectively."
EXP_11,A view of an identity that is defined by social beliefs but is not necessarily supported by a ground truth or doesn't reflect their actual abilities,"Sexism is a form of prejudice or discrimination based on a person's sex or gender, typically against women but also impacting men. Discrimination can manifest in various ways, including unequal treatment, stereotypes, or demeaning attitudes towards individuals based on their gender. Positive stereotypes, even if seemingly complimentary, can still contribute to sexism by reinforcing harmful beliefs about certain genders. An example of a positive stereotype that is harmful is the belief that women are naturally more nurturing and caring than men, which can limit opportunities for women by prioritizing caregiving roles over personal and professional aspirations. In response to your question about whether the statement that ""women are stronger than men since they can sustain labor pains, whose intensity is known to be one of the worst kinds of pain known to humans"" is sexist, the emphasis on labor pain as a defining strength can perpetuate stereotypes and reinforce traditional gender roles. It restricts the recognition of other diverse strengths individuals possess, which ultimately contributes to the reinforcement of gender norms and inequality. To make the sentence non-sexist, it could be rephrased to acknowledge various strengths and abilities without attributing them solely to gender, promoting inclusivity and respect for individual differences. If you would like more examples of cases that might not be overtly sexist but still have a sexist undertone, please let me know.","Sexism is a form of prejudice or discrimination based on a person's sex or gender, typically against women but also impacting men. Discrimination can manifest in various ways, including unequal treatment, stereotypes, or demeaning attitudes towards individuals based on their gender.

Positive stereotypes, even if seemingly complimentary, can still contribute to sexism by reinforcing harmful beliefs about certain genders. An example of a positive stereotype that is harmful is the belief that women are naturally more nurturing and caring than men, which can limit opportunities for women by prioritizing caregiving roles over personal and professional aspirations.

In response to your question about whether the statement that ""women are stronger than men since they can sustain labor pains, whose intensity is known to be one of the worst kinds of pain known to humans"" is sexist, the emphasis on labor pain as a defining strength can perpetuate stereotypes and reinforce traditional gender roles. It restricts the recognition of other diverse strengths individuals possess, which ultimately contributes to the reinforcement of gender norms and inequality.

To make the sentence non-sexist, it could be rephrased to acknowledge various strengths and abilities without attributing them solely to gender, promoting inclusivity and respect for individual differences.

If you would like more examples of cases that might not be overtly sexist but still have a sexist undertone, please let me know."
